cgpa,tenth_percentage,twelfth_percentage,backlogs,projects,internships,certifications,communication_level,aptitude_score,dsa_level,python_level,sql_level,placed
7.7,79.25,67.78,1,1,1,1,1,64.83,1,6,6,0
7.06,73.71,76.77,0,0,2,0,3,51.17,2,8,6,0
7.85,79.22,69.53,0,3,0,1,3,73.11,4,8,2,1
8.72,83.43,72.28,1,0,0,1,2,74.43,7,10,3,0
6.97,78.49,91.73,1,2,1,0,2,43.36,9,7,3,1
6.97,78.41,88.4,0,4,2,1,6,52.65,10,4,3,1
8.78,70.98,62.0,1,3,1,3,1,64.45,5,4,2,1
7.97,71.37,83.3,1,0,1,2,6,82.11,10,6,9,1
6.73,63.97,83.11,1,0,0,0,5,74.78,2,9,6,0
7.74,95.5,63.52,1,2,0,3,6,30.04,1,7,2,0
6.74,65.56,83.19,1,2,1,3,5,60.62,10,5,3,1
6.73,71.07,90.38,0,1,1,1,7,72.09,1,5,10,1
7.44,70.82,63.77,1,2,2,4,1,53.0,5,8,6,1
5.29,86.95,65.82,0,0,1,1,3,51.84,7,6,4,0
5.48,75.05,85.18,1,3,1,3,6,53.8,9,1,7,1
6.64,90.48,77.71,3,0,2,2,1,60.38,9,1,6,0
6.19,71.27,80.51,0,0,0,3,7,50.31,8,9,6,1
7.51,80.79,78.41,2,1,1,1,4,74.9,1,8,3,0
6.29,69.65,78.91,1,2,2,1,3,52.09,5,6,8,0
5.79,99.45,61.74,3,1,2,0,10,49.46,6,1,9,0
8.67,66.12,85.47,3,4,0,1,9,59.02,6,2,6,1
6.97,81.1,86.7,3,5,2,4,1,87.18,4,10,2,1
7.27,84.34,72.71,1,1,1,1,8,72.88,1,3,1,0
5.78,82.14,74.57,3,2,1,2,1,73.83,3,10,3,0
6.66,76.15,59.69,1,3,1,2,5,69.29,10,3,3,1
7.31,76.7,80.14,2,3,0,1,10,50.8,4,2,8,0
6.05,78.44,80.72,0,2,2,3,8,55.4,4,2,5,0
7.58,76.53,74.38,0,0,2,1,6,52.85,4,6,1,0
6.6,87.64,86.24,1,0,2,0,7,81.37,5,7,4,0
6.91,100.0,71.66,3,0,2,5,8,69.43,9,4,7,1
6.6,72.43,80.65,3,3,0,1,6,39.99,4,1,5,0
9.05,64.3,64.8,0,1,0,1,6,86.79,9,6,10,1
7.19,77.12,74.76,3,5,1,1,6,60.02,9,7,6,1
6.14,100.0,73.26,0,2,2,1,5,74.8,1,4,10,1
8.02,69.96,77.25,1,3,0,1,8,80.79,5,6,4,1
5.98,94.39,71.3,1,4,1,0,2,26.57,9,9,2,0
7.41,94.78,73.69,3,0,2,2,7,71.82,4,4,9,0
5.24,72.46,83.26,0,0,0,2,4,61.21,5,10,2,0
5.87,83.69,70.63,1,0,0,1,1,28.67,4,4,2,0
7.4,94.28,58.93,0,1,1,3,5,48.01,2,10,2,1
7.94,74.21,92.5,0,1,0,1,3,58.18,10,5,1,1
7.37,75.96,88.81,1,1,2,0,4,77.68,2,3,3,0
7.08,72.18,62.08,0,1,1,3,7,62.36,2,10,6,1
6.9,67.85,81.9,3,2,0,3,5,67.22,1,2,7,0
5.72,71.51,69.97,1,1,0,0,4,59.66,3,9,1,0
6.48,65.76,77.63,0,1,0,1,1,81.32,10,1,5,0
6.74,78.34,77.94,3,3,2,2,6,72.82,1,5,5,0
8.26,70.3,72.66,2,1,0,1,10,67.44,4,5,1,0
7.54,80.34,67.16,0,2,2,0,6,47.85,1,8,4,1
5.44,62.44,68.09,0,1,0,0,7,66.8,4,6,10,0
7.52,81.31,65.84,0,2,2,2,1,100.0,3,6,1,1
6.81,86.34,66.68,0,3,0,3,4,76.93,9,6,1,1
6.52,58.06,74.33,0,3,0,0,9,53.91,1,4,7,0
7.81,81.74,67.84,2,0,1,0,10,92.79,8,1,7,0
8.23,90.28,81.82,1,2,2,1,6,53.25,9,3,3,1
8.13,65.9,89.87,1,0,1,3,2,75.71,7,10,7,1
6.36,94.73,69.2,0,3,1,0,4,64.31,1,6,3,0
6.89,82.19,77.39,2,3,0,5,6,67.73,4,5,2,0
7.53,70.95,80.0,0,1,1,1,4,68.28,10,10,10,1
8.18,77.44,79.72,1,0,0,1,10,61.29,1,1,4,0
6.72,83.58,75.76,0,1,0,3,7,59.16,4,5,10,0
7.01,78.76,82.43,2,1,1,1,3,45.25,3,2,3,0
6.09,83.39,79.82,3,1,1,0,6,48.12,2,1,7,0
6.0,68.79,62.62,2,2,2,1,4,70.01,1,4,1,0
8.01,79.69,83.69,0,4,1,1,3,54.76,6,6,6,1
8.56,63.86,83.87,1,2,1,1,3,51.35,7,7,2,1
7.13,76.89,67.37,3,3,2,2,2,100.0,6,9,8,1
8.2,68.96,75.38,0,2,2,1,3,100.0,9,5,5,1
7.56,70.64,81.83,1,3,0,0,10,73.71,9,8,3,1
6.55,90.36,72.91,3,3,1,2,1,75.82,2,8,10,0
7.56,88.91,85.73,0,0,2,1,3,52.81,2,9,7,0
8.74,84.09,98.64,3,1,1,2,9,47.22,9,3,2,0
7.16,67.08,67.14,2,2,0,2,4,59.89,1,3,5,0
8.76,74.84,61.19,0,3,2,1,3,65.0,5,9,8,1
4.58,90.13,78.04,0,0,1,1,8,75.7,1,7,1,0
8.02,79.42,82.22,2,1,0,0,1,37.54,7,4,1,0
7.29,100.0,72.69,1,4,1,2,5,97.21,9,1,3,1
6.9,81.93,89.53,3,2,1,1,1,68.72,6,7,3,0
7.29,79.92,61.61,2,1,1,4,7,41.74,2,10,7,0
5.21,74.91,81.93,0,1,0,1,5,67.36,6,6,6,1
6.98,79.34,68.94,0,1,2,3,2,51.46,9,3,7,1
7.56,76.48,92.19,0,3,0,1,1,50.41,3,5,4,0
8.68,85.08,94.93,3,1,2,2,7,49.06,9,3,2,1
6.68,87.57,67.33,2,2,0,2,1,61.15,8,8,2,0
6.39,70.14,69.5,0,5,0,4,3,96.54,7,5,10,1
6.7,64.69,83.6,0,0,0,1,6,66.39,8,10,1,0
8.12,59.64,71.13,1,3,0,0,6,75.41,10,10,9,1
7.53,83.08,74.55,1,2,1,3,7,79.08,6,6,7,1
6.67,66.97,75.25,0,1,0,6,1,62.83,3,2,10,0
7.71,56.47,55.8,0,1,1,1,7,47.58,7,8,3,1
7.3,81.89,74.86,0,3,0,0,2,41.02,4,9,2,0
8.17,100.0,68.1,3,1,1,1,6,59.19,10,3,3,0
6.5,77.94,70.07,1,1,1,1,8,82.16,5,6,7,1
6.87,86.38,89.44,1,1,0,0,5,79.03,8,6,5,1
6.81,78.82,62.43,3,2,1,1,10,68.85,7,2,3,0
5.74,77.01,83.13,0,1,1,1,3,70.83,7,10,9,1
7.5,87.19,72.21,0,2,1,4,8,62.95,8,8,2,1
7.46,75.1,72.2,0,3,0,4,8,57.78,10,5,7,1
7.21,80.67,82.9,1,2,0,2,4,53.93,3,8,10,0
6.97,81.22,78.4,0,3,0,0,8,42.93,3,8,6,1
5.78,71.32,80.71,2,2,2,1,5,91.96,2,3,6,0
6.78,87.92,84.68,0,1,1,1,5,67.57,1,5,7,0
6.86,76.25,71.69,3,2,0,2,3,58.36,10,7,6,0
6.4,70.44,68.88,2,3,0,0,7,92.32,6,5,2,0
7.04,83.37,64.15,1,2,2,5,9,95.18,6,6,5,1
7.6,69.02,66.75,2,0,1,2,9,100.0,10,2,3,1
9.09,78.28,100.0,0,3,1,2,1,61.28,8,8,9,1
7.37,77.91,87.45,3,1,1,1,1,66.58,6,5,8,0
7.46,88.86,61.49,0,1,0,1,10,74.76,6,6,10,1
7.13,82.75,61.78,2,4,1,0,5,89.93,1,1,2,0
5.28,77.75,79.82,0,3,1,3,1,65.93,7,10,1,1
7.17,86.18,80.47,0,3,2,4,4,50.25,7,2,4,1
7.26,91.9,80.49,3,2,1,2,1,53.7,10,4,4,0
9.66,83.58,72.45,0,1,0,1,2,82.66,9,9,10,1
7.01,78.1,73.75,2,1,0,3,2,74.32,7,6,2,0
7.5,64.88,78.28,0,0,0,1,4,62.41,8,8,7,0
7.17,67.35,75.86,1,4,0,2,8,61.42,4,2,3,0
6.03,74.95,52.81,0,3,0,1,2,62.41,9,10,7,1
8.34,71.9,72.7,0,0,0,0,9,83.59,1,5,7,1
7.95,76.13,66.49,2,0,0,0,9,53.17,8,1,1,0
7.99,78.57,76.75,1,6,2,3,2,46.8,3,4,6,1
6.29,83.3,100.0,2,2,1,2,1,92.25,1,10,4,0
8.6,77.3,78.67,0,6,0,0,10,65.38,2,1,8,1
5.8,82.87,71.86,0,0,2,3,10,63.81,6,9,8,1
7.79,78.64,84.22,1,2,1,1,9,75.06,5,2,3,1
9.39,58.25,79.83,2,0,1,1,2,50.17,3,7,4,0
6.21,68.61,79.2,3,1,0,1,8,76.26,9,3,1,0
6.63,76.56,81.07,2,6,1,1,3,59.26,8,2,10,1
7.3,65.9,95.57,0,1,2,2,1,81.89,3,4,2,0
6.7,84.0,63.69,0,2,0,0,1,41.99,2,7,7,0
5.65,93.31,79.74,1,1,0,0,10,71.76,8,7,7,1
7.27,90.19,65.74,2,1,1,1,2,61.53,5,9,9,0
6.14,75.87,80.56,0,4,0,1,7,54.43,9,3,10,1
7.67,92.91,65.81,3,5,0,1,6,76.57,1,7,9,1
6.28,79.49,70.83,0,3,0,1,2,62.78,10,6,9,1
8.75,74.63,72.05,1,1,1,3,4,71.99,3,10,6,1
6.42,71.87,84.76,0,2,1,2,2,83.99,5,7,8,0
6.88,74.98,84.18,1,3,1,2,1,76.87,2,7,9,0
8.01,74.12,62.54,3,3,2,0,3,48.79,3,10,7,0
5.97,79.7,75.55,2,3,1,0,4,56.87,4,5,4,0
7.43,79.61,67.9,1,3,0,2,10,71.89,4,9,4,1
8.51,78.03,62.41,0,2,0,0,5,76.91,9,7,6,1
5.59,82.37,72.83,0,3,1,2,5,59.14,1,7,4,0
7.38,89.91,71.92,0,5,2,3,7,67.97,9,3,7,1
7.46,87.5,99.27,2,0,0,3,10,67.87,9,1,8,0
7.98,63.15,79.33,1,1,0,1,8,69.96,6,5,8,1
5.96,52.46,61.22,3,3,1,2,9,47.32,1,8,8,0
5.88,87.34,69.35,0,1,1,1,7,43.77,6,5,2,0
7.72,64.33,85.21,0,0,1,3,5,31.11,8,10,10,1
7.5,75.75,95.88,0,1,0,2,9,66.58,5,3,2,1
7.45,66.3,59.14,2,3,1,1,8,44.54,5,9,2,1
7.55,59.98,56.2,3,3,2,2,10,97.05,1,2,2,0
6.52,83.41,93.71,1,3,1,0,9,74.81,1,3,4,1
7.43,85.59,78.9,3,2,2,1,10,47.27,8,4,5,1
7.49,72.23,66.32,0,2,2,0,8,82.03,5,10,4,1
6.49,52.09,80.35,0,2,1,0,6,82.06,8,1,5,0
9.07,72.54,48.64,0,3,0,2,4,83.28,10,4,4,1
7.67,81.92,75.03,0,2,1,3,9,52.88,2,4,7,1
6.01,63.21,78.28,1,1,0,2,9,75.74,4,9,10,1
7.86,79.83,84.24,0,2,2,2,10,83.54,10,8,1,1
6.23,77.85,64.86,0,3,0,0,10,88.56,9,2,1,1
7.99,83.79,75.86,3,1,2,1,9,42.14,3,7,2,0
8.36,79.2,65.75,1,3,2,0,10,61.74,6,6,1,1
6.38,68.27,77.55,1,1,1,1,3,52.34,7,7,10,0
8.16,89.97,66.05,0,1,0,3,3,92.96,3,4,10,1
7.61,76.41,70.92,0,0,0,1,6,72.37,1,5,3,0
8.02,77.73,65.04,3,1,2,0,6,78.37,2,6,6,0
9.1,68.67,81.51,0,1,0,1,6,72.15,10,9,10,1
6.95,73.57,83.58,0,0,0,0,5,70.63,7,2,6,0
6.45,69.15,72.65,1,0,1,0,5,52.05,7,9,1,0
6.31,76.27,75.38,0,1,1,1,2,58.3,1,10,6,0
6.38,95.12,60.51,1,1,0,0,7,66.07,10,1,5,0
7.12,64.28,72.0,3,2,1,2,4,55.27,7,4,7,0
7.54,61.86,74.5,2,0,0,0,3,52.5,10,5,6,0
7.48,92.71,100.0,0,2,2,4,8,61.91,6,9,7,1
8.03,75.91,63.88,1,0,0,1,4,55.92,6,6,2,0
7.21,71.31,89.64,2,2,0,3,4,65.75,7,4,1,0
8.65,88.4,84.97,3,4,2,0,8,58.36,7,2,7,1
6.94,71.94,77.81,1,0,0,3,1,54.73,1,5,9,0
9.92,96.26,92.59,1,1,2,1,9,51.09,10,8,2,1
7.83,84.78,78.72,3,3,0,2,7,65.09,5,8,7,1
6.34,73.12,78.89,3,3,1,3,2,78.32,8,6,3,0
6.13,99.57,74.47,0,0,0,2,6,74.76,8,1,6,0
7.68,71.94,87.24,1,1,1,0,8,42.1,3,8,3,0
6.98,85.42,85.96,1,3,2,1,5,77.9,3,4,10,1
7.91,80.99,68.74,3,1,0,2,6,74.66,7,2,5,1
7.67,91.02,61.81,0,4,2,2,10,78.31,4,1,2,1
7.13,93.62,72.97,0,0,1,1,8,81.25,6,7,8,1
6.35,78.32,67.0,2,2,0,0,6,54.09,9,2,8,0
5.69,70.47,74.36,2,0,0,2,9,60.5,10,4,7,1
6.75,82.6,87.37,0,1,1,3,9,91.86,2,4,6,1
8.06,71.22,70.43,3,2,1,5,9,90.97,2,10,1,1
7.41,98.13,74.57,3,0,1,1,6,63.85,6,1,8,0
5.95,79.37,75.58,2,4,2,1,9,74.05,3,2,1,0
7.37,74.35,83.48,0,2,1,1,3,75.36,1,1,8,0
7.59,79.85,52.53,3,2,2,1,5,91.36,2,6,2,0
6.32,64.53,68.93,0,0,1,4,2,70.18,7,3,8,1
7.35,68.28,77.11,1,2,0,1,8,46.82,4,1,10,0
7.26,90.0,87.0,3,2,0,3,4,57.86,2,8,4,0
6.06,71.43,70.08,3,0,0,0,6,100.0,8,4,7,0
7.56,67.53,56.23,0,0,1,1,6,46.12,4,10,5,0
7.76,83.37,81.2,2,1,1,1,5,65.75,4,7,8,0
8.28,89.86,68.65,3,3,1,1,1,99.7,2,10,6,0
8.25,85.19,63.1,1,1,1,1,7,53.0,1,2,5,1
5.82,87.96,68.76,0,4,1,3,10,24.1,1,6,1,0
6.26,70.43,73.15,0,0,0,0,8,26.86,3,6,3,0
7.72,63.78,68.95,1,2,2,3,1,53.09,6,7,10,0
7.71,93.01,52.94,2,3,0,2,10,38.56,7,1,9,1
7.72,74.77,83.97,1,3,1,1,7,80.56,9,1,9,1
10.0,75.49,87.75,0,2,0,3,4,69.02,5,2,5,1
7.77,91.28,81.52,1,0,2,1,6,32.99,9,2,3,0
8.34,83.56,63.62,0,2,1,2,9,41.07,8,5,6,1
8.15,82.56,72.99,0,1,2,1,5,83.6,1,1,5,1
7.85,99.65,74.93,2,3,1,0,8,67.9,3,2,1,0
6.88,71.56,80.99,3,3,1,1,5,86.5,8,6,2,0
7.96,87.28,81.68,1,4,1,1,2,81.79,9,3,5,1
6.43,78.57,67.66,2,2,2,0,4,47.74,4,4,9,0
6.96,80.69,75.82,0,1,2,1,2,78.23,6,1,4,0
6.71,93.28,79.57,1,2,2,1,7,73.44,4,5,9,1
7.28,83.08,89.56,0,1,0,3,7,35.57,9,4,3,1
9.51,83.38,82.05,0,1,2,1,3,44.57,2,8,1,1
5.33,88.73,82.89,2,3,1,1,7,100.0,6,3,6,0
7.89,74.35,75.84,3,1,0,1,1,51.09,3,10,10,0
5.59,69.61,89.1,1,1,2,1,1,71.17,10,1,7,0
6.73,67.55,79.1,3,4,0,1,9,62.14,4,10,4,0
8.29,58.34,66.39,3,3,1,3,6,67.76,2,5,10,1
7.26,98.56,89.03,1,3,2,3,5,63.13,8,1,5,1
6.12,66.97,81.98,0,1,0,1,6,79.48,10,5,4,0
6.48,75.79,70.57,2,4,0,2,6,79.08,8,9,3,1
7.88,75.23,70.21,2,2,0,2,1,66.77,1,5,1,0
6.47,81.07,77.97,0,2,0,5,5,51.43,10,2,6,1
7.42,86.16,79.63,2,1,0,2,9,56.47,6,2,10,1
7.25,86.6,76.97,0,4,0,2,4,41.36,1,10,5,0
6.55,72.17,78.11,0,1,1,2,3,59.98,6,9,1,0
9.34,76.33,92.0,1,4,0,2,1,38.5,7,5,5,1
7.83,80.83,85.72,2,3,1,4,2,68.28,2,8,6,1
5.17,75.51,76.91,0,2,2,1,3,69.44,9,10,10,1
7.39,94.07,84.41,2,1,0,1,4,80.08,8,4,5,0
6.54,82.91,64.67,1,1,0,0,7,46.7,9,2,1,0
8.05,85.35,78.98,1,1,0,6,6,47.72,10,4,5,1
6.41,84.63,93.09,1,5,1,0,8,87.87,4,4,10,1
7.09,89.73,72.82,1,2,0,3,9,44.47,4,9,1,0
7.7,79.81,66.52,1,0,0,1,6,95.77,8,10,3,1
8.07,65.03,68.48,2,2,2,1,7,51.14,1,6,2,0
6.0,82.0,64.1,0,6,1,0,4,51.25,8,10,1,1
6.87,71.49,67.15,1,0,1,1,2,77.64,7,6,4,0
6.73,72.71,71.29,0,3,0,1,9,73.24,7,5,2,1
6.55,83.86,60.94,0,0,1,1,9,89.62,9,6,5,1
8.97,90.38,75.16,0,1,0,2,4,36.63,10,1,10,1
7.6,78.21,84.02,0,1,1,3,3,73.0,7,5,1,1
5.94,81.09,65.92,0,0,1,0,10,64.31,2,6,10,1
8.12,95.02,90.19,0,3,1,2,6,48.85,1,8,1,1
9.32,80.41,80.11,3,2,1,2,3,93.22,1,4,10,0
8.23,100.0,85.31,0,2,1,2,1,68.53,7,5,4,1
5.68,83.66,68.42,1,1,1,1,4,64.06,5,4,7,0
6.72,60.39,83.55,1,2,1,1,1,71.81,4,7,2,0
8.47,85.53,64.08,3,3,0,0,2,39.07,5,10,2,0
6.49,81.81,83.9,0,2,1,3,3,46.27,10,6,1,1
7.64,90.9,76.72,2,0,0,1,8,60.01,10,4,5,1
7.97,84.73,80.53,2,4,0,1,10,69.75,6,6,6,1
6.27,76.62,63.24,0,2,1,4,4,84.12,10,4,6,1
7.14,65.76,66.05,3,2,2,2,4,51.73,6,8,2,0
4.0,75.91,80.97,0,3,0,6,10,48.3,1,3,7,0
6.18,69.49,65.52,1,1,1,1,9,72.52,2,8,6,1
6.95,72.19,79.63,1,3,0,1,7,62.96,3,2,8,0
5.95,83.89,61.33,1,0,0,2,2,36.18,4,6,6,0
8.83,94.7,83.48,0,0,1,2,3,51.22,6,8,9,1
5.77,81.95,62.67,0,2,0,1,4,62.27,9,1,10,0
6.76,66.04,80.52,1,5,2,2,4,62.69,2,6,2,1
7.33,82.45,81.26,0,1,1,3,10,66.35,8,9,7,1
8.64,89.97,68.03,1,3,0,2,8,45.5,9,10,5,1
5.76,71.9,80.82,0,1,2,0,10,63.03,2,10,1,1
8.36,76.66,77.6,0,0,0,1,10,79.21,9,2,3,1
7.21,78.15,69.61,0,4,0,1,6,21.69,7,1,4,0
6.22,70.15,64.91,0,1,2,1,3,60.76,9,2,2,0
7.66,84.48,55.37,0,3,1,0,9,40.07,6,5,7,1
7.4,76.79,78.5,1,0,0,1,10,64.52,2,6,1,0
6.6,82.2,59.35,2,1,0,2,8,42.43,8,1,3,0
7.27,69.13,75.95,2,0,2,1,9,67.01,10,7,9,1
6.81,73.63,72.37,2,3,0,1,5,89.4,9,4,2,0
7.31,85.22,81.79,0,1,0,1,3,50.31,8,9,5,1
7.86,74.27,71.98,3,1,1,2,4,52.48,2,6,4,0
8.79,95.27,71.71,1,3,0,0,5,57.95,8,9,3,1
5.96,74.0,82.32,2,2,1,0,9,69.78,3,1,5,0
9.33,80.25,78.35,0,6,0,0,9,49.71,3,4,6,1
5.25,87.33,78.16,2,4,2,2,3,59.3,9,2,1,0
7.05,63.82,79.69,0,1,1,1,7,54.96,9,6,2,1
7.79,60.39,59.64,0,1,1,2,6,58.0,9,4,1,1
7.48,62.74,82.57,3,3,0,0,4,69.96,4,9,3,0
6.58,90.63,81.12,0,2,0,1,5,73.27,7,3,8,1
6.99,72.48,64.83,3,1,0,2,10,42.85,8,1,8,0
6.71,100.0,72.56,0,2,1,3,2,69.9,5,1,4,0
6.61,72.36,74.61,0,0,0,3,7,100.0,1,9,6,1
8.05,79.85,73.66,1,2,0,2,4,88.16,9,9,9,1
7.56,93.42,78.34,1,4,2,0,2,55.37,6,5,7,1
6.51,98.06,89.31,1,3,0,1,6,66.98,3,2,2,0
8.1,98.62,85.82,0,2,1,3,2,64.5,3,9,2,1
7.51,90.08,61.88,0,1,2,2,10,71.89,10,8,3,1
8.01,88.24,81.22,0,1,1,0,2,58.67,1,10,8,1
7.83,83.93,88.29,0,0,0,2,7,60.96,8,10,10,1
6.37,85.78,78.87,0,0,2,4,1,54.04,2,6,9,1
6.64,72.49,85.91,1,3,1,3,7,81.43,1,7,3,1
7.95,69.82,95.12,0,0,1,1,10,69.66,7,6,9,1
7.81,77.97,85.24,0,3,0,3,5,69.78,9,5,10,1
7.18,76.3,77.49,3,2,0,0,1,83.28,6,4,8,0
7.32,73.47,85.45,1,0,0,3,6,83.5,8,7,5,1
8.48,84.96,76.45,1,4,1,1,7,80.67,8,4,10,1
6.61,87.55,75.24,2,0,2,1,1,83.05,9,10,3,1
7.75,78.88,71.49,2,2,2,4,9,88.44,7,10,7,1
7.0,92.78,90.63,0,2,1,2,7,50.5,9,10,9,1
6.98,66.58,66.82,3,3,1,5,1,60.52,9,9,6,1
8.3,76.06,90.32,0,5,0,3,3,75.63,1,5,3,1
8.03,70.83,80.0,0,1,1,2,5,51.72,6,8,5,1
8.01,59.33,61.01,0,0,0,0,4,59.55,8,6,7,1
8.51,77.17,78.68,1,2,0,2,2,67.92,10,4,8,1
7.22,76.78,54.0,0,1,2,2,1,61.55,9,3,4,1
7.88,93.13,81.26,2,3,2,1,4,65.99,4,6,2,1
6.89,84.31,83.85,1,5,0,3,7,47.82,2,1,10,0
7.52,67.76,69.08,0,2,1,1,4,64.43,9,2,2,0
7.07,96.54,76.24,1,1,0,0,9,67.01,9,7,3,0
7.3,90.21,94.54,0,2,0,3,8,89.23,8,4,8,1
7.8,83.82,69.94,3,1,2,4,8,60.97,3,5,1,0
6.38,75.74,64.41,1,1,2,1,5,55.25,5,10,7,1
9.29,68.41,89.82,0,1,0,1,1,75.69,2,1,6,0
6.19,74.28,94.63,0,3,2,3,9,20.0,3,2,2,1
5.99,88.89,75.04,3,2,2,0,2,60.24,1,4,9,0
8.36,96.85,85.11,0,1,1,1,6,57.29,4,8,5,1
7.99,93.43,88.41,3,0,1,5,10,68.91,5,10,2,1
7.82,73.11,67.58,2,1,2,0,5,83.69,2,4,3,0
7.83,66.8,70.15,0,1,1,2,10,88.27,3,3,7,1
7.19,79.41,87.31,2,0,0,0,8,68.7,6,3,7,0
6.3,60.32,91.85,0,2,2,1,3,41.72,6,5,10,1
7.28,81.23,80.63,0,1,0,4,6,57.29,7,3,1,0
6.52,76.52,66.2,0,1,2,4,6,58.93,9,8,10,1
8.18,73.34,94.87,1,2,0,0,10,70.51,4,5,4,1
7.05,62.05,69.69,0,2,1,6,3,65.84,5,7,6,1
6.37,83.14,71.65,3,3,1,2,7,54.68,2,8,8,0
6.88,72.67,78.42,0,4,0,2,4,46.23,6,5,3,1
7.61,66.3,90.54,0,1,1,1,5,51.97,4,8,3,1
6.64,49.28,83.54,3,2,1,3,9,51.42,5,3,8,0
6.38,77.72,79.15,2,0,0,0,6,89.32,7,7,8,0
7.44,95.72,79.63,2,2,1,1,10,53.46,6,8,8,1
7.44,94.61,75.44,0,2,1,0,4,65.9,8,7,1,1
6.69,73.43,80.58,0,2,0,1,8,79.53,6,2,8,1
6.73,71.98,49.7,1,2,0,0,9,67.92,10,8,8,1
7.43,82.69,72.03,2,0,0,0,10,48.71,8,6,2,0
5.75,68.02,77.41,0,3,2,0,5,79.78,4,10,9,1
5.79,81.02,63.49,1,2,0,3,2,70.31,7,3,7,0
6.48,85.66,78.86,0,2,2,1,6,32.22,3,4,8,1
6.99,90.27,72.96,0,3,0,2,8,83.69,1,7,2,1
7.51,77.0,92.55,1,1,2,1,5,78.1,9,3,4,1
8.68,75.96,90.73,1,0,1,1,1,70.08,9,1,7,0
8.06,69.22,70.34,0,3,0,1,8,89.52,6,6,6,1
7.04,69.73,73.49,2,0,2,1,9,77.76,2,3,7,0
7.18,75.74,74.26,0,1,1,1,1,81.92,8,10,1,1
6.2,81.67,70.48,0,5,1,5,8,80.55,10,6,8,1
7.18,87.14,76.95,3,1,0,0,10,76.36,6,10,7,1
6.91,69.97,67.42,1,1,1,1,2,38.14,7,3,4,0
7.52,92.93,63.69,0,5,1,1,4,39.93,1,6,1,0
6.37,75.29,81.23,0,5,1,2,2,77.76,3,4,8,1
7.72,77.79,81.3,0,4,1,1,2,83.47,1,4,10,1
8.73,70.53,66.96,2,2,1,1,10,54.42,10,10,7,1
7.09,53.76,83.95,1,0,0,3,3,48.29,1,10,8,0
7.6,86.84,68.68,0,1,2,1,8,68.94,1,2,10,1
7.89,85.37,77.53,2,5,0,0,4,43.22,4,4,1,0
6.8,75.19,83.2,0,3,2,1,7,62.47,7,4,5,1
7.42,78.67,74.66,2,0,0,1,10,59.67,7,7,9,1
7.21,83.16,79.55,0,1,2,3,3,61.63,5,5,5,1
7.3,62.37,69.84,0,1,1,1,10,93.27,6,8,10,1
6.43,72.71,73.04,3,2,0,2,3,55.49,2,7,3,0
7.22,85.94,72.94,3,4,1,2,2,65.8,5,10,9,0
7.7,65.46,67.53,0,2,0,0,6,45.32,7,9,9,1
8.65,80.94,73.23,2,1,1,2,6,79.11,9,8,4,1
8.16,64.43,59.51,3,1,0,0,1,62.31,6,9,4,0
9.35,82.66,70.09,0,3,0,0,7,82.67,10,1,8,1
6.43,77.64,72.15,3,2,1,1,4,28.14,4,10,7,0
8.07,61.85,72.44,1,3,2,2,3,64.13,3,3,5,1
7.38,89.65,72.59,0,2,1,3,8,66.98,9,5,6,1
9.39,70.65,74.38,2,1,1,2,2,78.67,7,9,3,1
6.39,69.9,79.79,2,0,0,1,9,55.37,6,8,6,1
6.36,80.01,83.75,1,4,1,1,8,76.8,7,10,8,1
6.6,89.49,68.5,2,5,0,2,8,57.09,8,7,10,1
5.08,67.84,62.97,0,3,1,0,3,66.41,5,2,9,1
6.67,78.62,64.58,1,0,0,2,4,78.83,3,6,3,0
6.44,82.29,70.13,2,1,0,3,2,51.05,3,4,8,0
7.35,84.93,71.48,1,4,2,2,2,76.11,2,5,3,1
7.54,79.76,67.3,0,3,1,2,4,70.02,8,5,2,1
9.08,74.33,62.04,0,2,0,0,6,59.99,1,4,5,0
8.15,69.72,70.44,0,2,1,0,5,54.98,8,4,4,1
6.62,78.86,76.81,0,2,0,2,1,33.49,3,4,5,0
6.3,67.28,80.95,0,4,0,0,10,63.8,9,2,6,1
7.69,48.79,69.43,3,1,0,5,1,60.02,2,1,3,0
5.88,82.37,70.87,2,0,2,0,6,74.59,10,2,1,0
9.03,87.04,65.73,0,1,0,0,3,73.07,9,7,4,1
8.38,54.37,74.69,3,5,0,2,3,81.05,6,1,6,0
6.73,67.9,66.52,0,4,2,2,7,81.6,1,6,2,0
5.49,84.19,80.73,0,1,1,0,1,100.0,5,4,2,0
8.55,98.57,57.14,2,4,0,1,1,72.7,10,2,1,0
7.09,78.21,71.4,2,5,2,2,10,52.09,9,3,9,1
8.44,70.72,78.01,3,0,2,2,3,77.39,6,7,3,0
5.61,76.17,76.84,0,1,0,2,8,89.09,7,6,2,0
6.6,91.75,100.0,3,2,0,1,1,72.12,4,6,4,0
7.21,71.54,78.5,2,1,0,4,10,33.14,1,8,6,0
7.25,70.01,64.96,2,4,0,4,4,73.33,5,8,1,1
6.75,73.17,74.05,0,2,1,0,9,55.55,2,6,9,0
7.82,68.47,57.24,3,2,0,1,4,45.17,8,1,9,0
6.13,79.23,74.19,0,3,0,0,10,67.8,4,10,8,1
7.06,94.25,66.67,0,1,1,1,8,42.11,1,7,6,0
7.32,81.23,84.15,1,1,0,2,7,80.35,10,8,4,1
7.71,75.48,69.5,0,0,1,3,3,75.96,7,5,2,1
7.91,75.08,73.83,0,4,2,0,7,63.7,2,4,8,1
6.08,62.37,68.64,0,2,1,1,7,56.75,3,7,7,1
5.67,86.83,92.39,1,1,1,4,10,62.24,9,6,4,1
8.48,77.22,71.79,0,2,2,2,3,49.84,9,6,3,1
7.53,76.2,93.33,1,1,0,2,2,63.84,2,3,6,0
6.45,100.0,83.14,1,1,2,4,9,22.33,3,10,1,1
8.75,80.99,79.82,1,0,0,1,1,66.33,9,4,2,0
7.32,70.48,78.69,2,0,0,2,7,66.71,1,5,7,0
8.38,73.74,78.94,1,2,1,2,4,77.68,2,9,3,1
7.27,89.48,55.72,0,2,2,3,2,69.5,2,8,1,0
9.26,79.13,72.21,0,7,0,0,2,79.66,10,3,2,1
8.96,63.62,83.45,0,3,0,1,8,73.21,3,6,10,1
6.95,87.19,74.51,0,3,0,1,7,80.55,10,10,10,1
8.17,71.32,60.95,1,5,1,2,7,100.0,3,1,9,1
7.85,96.73,74.48,1,3,0,0,5,71.3,10,3,7,1
8.57,88.8,92.04,1,1,1,2,10,67.76,2,10,7,1
6.24,73.53,87.47,0,2,1,2,8,82.81,8,7,10,1
7.89,90.81,74.38,1,0,2,1,2,57.98,8,7,8,1
8.26,78.68,84.51,2,2,0,2,2,63.21,8,2,8,0
5.44,86.53,71.33,0,3,0,2,5,71.31,2,3,9,1
6.02,82.85,57.96,1,5,1,1,1,66.09,9,7,2,0
5.16,69.54,65.76,0,2,1,2,6,66.02,7,6,8,1
6.93,71.56,90.63,1,1,0,1,4,78.5,5,7,8,0
7.92,88.3,72.26,0,3,2,2,6,39.56,7,10,5,1
8.7,74.65,72.57,0,0,2,0,7,95.5,8,9,5,1
7.27,73.96,72.0,0,3,1,0,3,72.29,9,8,4,1
8.83,68.45,94.04,0,3,2,0,8,59.0,2,6,5,1
5.82,82.24,91.26,0,5,1,0,7,89.42,6,4,2,1
5.5,98.63,97.19,3,2,1,1,1,66.55,9,10,2,0
7.14,67.32,73.41,3,0,0,3,6,66.95,6,9,5,0
7.58,78.24,77.96,1,1,2,1,7,61.78,2,7,3,0
7.17,92.12,59.83,1,3,1,2,4,87.02,1,5,1,0
5.13,77.2,89.77,3,4,1,0,2,64.86,3,2,9,0
7.11,82.52,63.32,1,4,2,1,10,56.62,5,9,2,1
5.9,67.38,77.17,3,3,0,2,9,79.98,7,7,10,1
7.87,82.28,64.03,0,1,1,0,7,82.74,10,9,2,1
7.57,76.13,69.11,2,0,2,2,1,89.1,10,9,4,1
6.26,87.86,66.63,1,2,1,2,8,74.5,3,10,2,1
6.69,89.87,68.92,1,3,0,0,3,82.19,9,5,7,1
6.14,100.0,69.61,2,2,0,1,4,61.11,10,7,10,1
7.14,83.8,69.52,2,1,0,2,5,80.39,4,5,1,0
8.16,81.26,83.33,3,3,0,3,1,76.14,10,3,2,0
6.21,79.94,63.95,0,1,0,2,6,72.96,2,10,5,0
7.7,74.47,77.21,0,3,0,1,10,41.64,3,8,2,1
6.67,81.38,87.18,0,3,0,0,6,59.18,5,8,9,1
6.41,75.05,69.87,0,4,1,0,2,64.31,3,9,4,0
7.09,79.68,67.82,1,2,2,2,10,72.97,5,6,9,1
6.16,91.18,72.69,0,1,2,1,6,100.0,4,2,1,0
6.65,67.93,86.8,1,3,0,1,8,77.89,10,3,1,1
6.0,89.4,76.94,1,1,2,1,6,52.85,3,10,1,1
9.16,91.17,69.69,2,5,0,1,4,57.8,6,6,4,1
7.24,76.82,79.84,2,2,0,1,4,85.85,8,1,9,0
6.5,56.78,63.98,0,3,1,0,9,57.14,4,2,8,1
7.41,71.92,81.81,1,0,1,3,6,80.28,9,8,7,1
7.09,90.97,79.09,0,1,1,2,8,66.76,6,8,1,1
6.98,77.77,71.92,2,4,0,2,8,62.5,5,6,3,0
7.81,68.01,66.61,3,1,1,1,7,57.36,3,3,9,0
7.96,72.95,66.13,1,5,0,0,3,20.0,5,2,9,0
6.67,86.41,80.35,0,0,1,2,10,73.1,5,6,5,1
6.62,83.47,87.29,2,2,1,2,1,49.22,4,1,6,0
6.92,75.61,68.63,0,4,1,2,5,43.72,6,10,6,1
4.9,74.33,79.58,0,2,1,3,10,68.72,3,6,10,1
5.68,74.08,54.13,2,2,0,3,10,80.44,10,9,4,1
8.57,68.78,69.15,1,2,0,1,2,39.55,1,7,1,0
8.84,94.15,74.69,0,1,1,0,10,80.05,7,9,5,1
6.95,74.78,65.9,3,2,1,0,2,51.45,7,2,1,0
7.78,90.17,65.63,3,1,0,4,7,74.73,4,5,1,0
7.51,93.21,68.32,0,2,2,2,3,73.68,9,9,5,1
10.0,87.98,77.92,1,2,0,2,8,61.9,2,7,5,1
8.32,73.68,73.13,3,0,1,2,9,65.45,1,9,7,1
7.07,82.04,52.62,3,3,1,1,8,59.06,3,6,2,0
6.24,77.76,53.79,1,2,1,0,6,68.95,7,7,6,0
5.59,68.96,68.93,0,0,1,4,5,68.82,9,10,2,1
7.4,81.24,79.58,0,3,2,3,3,51.14,2,5,10,1
6.44,66.21,47.52,0,2,0,4,3,44.63,6,6,5,0
5.78,89.88,70.0,3,4,0,2,7,80.13,3,1,4,0
6.55,73.35,69.74,1,0,0,2,5,68.06,5,1,10,0
6.12,80.01,88.88,1,3,2,1,6,78.05,9,2,5,1
8.89,80.83,71.15,3,2,1,2,6,54.94,3,4,2,0
8.08,75.41,78.83,0,2,1,1,9,52.63,1,9,8,1
7.19,83.87,76.41,0,3,1,4,1,49.82,5,7,8,1
8.68,73.25,53.69,1,2,1,2,8,62.29,1,6,6,1
7.28,86.71,82.68,1,2,1,4,10,68.49,8,1,3,1
6.34,64.54,77.15,0,1,2,1,5,56.84,7,5,4,1
8.72,79.26,80.08,3,0,1,1,6,88.47,2,4,1,0
7.74,97.39,100.0,0,1,0,0,6,55.37,9,5,9,1
6.16,68.0,54.16,0,3,1,0,1,68.73,5,9,10,0
7.01,71.22,92.25,3,1,1,0,3,51.75,7,3,5,0
6.32,83.14,72.13,2,2,0,3,6,54.9,4,4,8,0
5.82,79.8,77.87,3,0,2,2,9,63.7,1,8,3,0
8.13,81.51,74.54,2,0,1,2,6,52.51,8,3,4,0
9.11,82.89,70.76,1,1,1,2,6,66.34,1,3,4,1
5.8,84.35,69.3,0,1,1,0,1,71.6,3,9,8,0
7.76,89.1,78.3,0,4,1,0,9,81.4,6,5,9,1
6.55,82.1,59.83,3,2,1,1,4,48.8,8,10,3,0
6.71,75.59,82.51,0,3,1,1,2,67.52,8,1,7,1
6.61,84.73,70.84,3,0,1,2,1,64.07,2,7,9,0
6.34,97.0,63.7,1,1,1,1,3,37.28,9,7,2,0
7.25,76.67,70.5,0,2,0,1,3,48.07,4,6,4,0
6.37,68.25,87.57,0,2,0,0,5,72.12,4,6,3,0
7.47,89.07,69.65,0,6,0,3,1,44.71,2,3,8,1
7.15,76.8,78.58,0,3,1,2,7,63.9,1,3,4,1
6.96,56.27,67.69,3,2,1,3,1,33.16,10,10,9,1
6.29,86.47,82.58,3,2,1,2,4,63.46,7,9,1,0
6.62,72.65,81.86,0,2,1,1,6,34.2,10,1,1,0
7.96,77.09,93.49,0,2,1,1,1,55.93,3,7,4,0
7.7,81.32,73.24,3,4,0,3,7,58.43,4,10,3,1
6.22,79.9,81.69,0,1,1,3,10,66.85,9,7,3,1
7.3,85.09,75.98,0,2,1,0,7,61.21,6,8,10,1
7.95,73.65,87.96,3,2,1,2,3,46.46,1,6,2,0
5.53,83.13,67.81,0,0,1,2,4,46.74,9,8,10,1
7.74,75.4,82.45,0,2,1,0,6,40.79,9,1,10,1
6.54,85.39,73.05,1,3,2,2,7,68.1,5,1,2,0
7.77,84.15,74.36,2,5,1,3,4,67.44,8,9,8,1
6.44,68.65,75.92,1,1,0,1,10,75.04,7,4,1,0
5.4,88.86,77.52,2,0,2,2,9,57.5,8,3,8,0
5.57,72.64,73.84,3,2,1,3,9,38.98,9,6,10,0
7.25,86.08,77.15,0,2,1,2,9,60.26,2,10,3,1
7.46,81.67,90.78,3,0,2,1,10,65.17,10,9,2,1
6.3,96.38,84.85,0,2,0,1,6,47.53,5,10,9,1
7.84,75.77,83.69,0,6,1,2,2,48.95,8,4,5,1
5.54,74.51,70.44,2,0,2,3,2,71.76,3,9,5,0
7.13,77.81,66.11,1,0,2,1,4,66.51,6,5,6,0
5.99,74.97,84.55,1,3,2,2,9,81.99,6,7,4,1
6.55,86.0,83.76,2,7,0,2,3,90.83,7,3,7,1
7.25,61.84,89.73,1,1,1,2,6,42.46,3,3,7,0
6.34,67.46,68.96,0,1,1,3,2,58.72,8,3,9,0
6.82,67.32,72.7,0,3,1,2,1,66.85,8,8,6,1
8.21,87.5,58.61,0,2,1,2,5,70.45,9,6,1,1
6.62,95.11,71.08,0,1,2,1,8,80.24,8,9,9,1
8.04,76.96,84.97,3,2,1,0,10,75.93,3,9,10,1
6.07,76.31,70.34,3,4,0,0,10,82.08,6,8,9,1
7.73,78.7,81.4,0,2,1,1,2,65.92,9,1,5,0
8.64,89.62,73.09,0,3,1,5,10,55.57,1,6,7,1
4.73,68.73,78.24,1,2,1,3,9,94.25,3,4,1,0
6.4,80.38,63.52,0,4,0,4,8,67.3,2,4,4,1
7.78,87.75,75.85,3,3,1,1,3,61.37,8,3,10,0
7.0,83.01,45.09,2,2,2,1,1,48.92,6,9,4,0
7.57,79.9,73.13,0,1,1,2,4,67.39,10,2,5,1
6.6,88.01,58.7,1,1,1,0,8,80.07,8,1,6,0
7.29,50.97,87.06,0,2,0,1,3,57.49,2,10,4,1
7.04,84.78,82.77,2,2,0,1,10,63.0,6,3,6,0
8.37,71.46,79.67,0,2,1,1,2,68.74,7,4,10,1
7.45,59.69,90.21,0,0,1,1,7,72.08,8,4,7,1
7.54,83.11,65.51,0,0,2,2,4,61.1,9,6,3,1
6.79,91.74,92.47,0,2,2,3,6,59.1,5,1,9,1
6.71,76.63,84.32,3,1,0,0,5,57.34,3,1,8,0
6.77,87.53,72.63,1,4,0,1,2,48.4,2,2,1,0
7.59,94.12,86.36,0,3,0,2,10,53.45,8,4,2,1
6.78,91.15,63.94,3,0,2,1,2,53.04,1,7,2,0
7.49,94.4,66.75,1,4,2,2,9,41.87,10,6,10,1
9.28,85.42,68.91,3,3,0,1,10,79.89,6,9,9,1
8.07,78.75,69.71,0,2,1,3,2,70.39,2,7,9,1
6.87,61.98,64.43,3,1,1,3,8,67.13,3,5,9,0
8.4,75.54,87.23,1,0,0,2,8,84.57,8,6,1,1
6.79,69.57,72.41,2,4,1,0,1,75.77,1,10,7,0
5.16,99.71,78.53,3,1,2,1,1,53.16,6,9,3,0
6.19,76.24,69.3,0,2,1,3,4,82.6,3,1,9,1
5.33,79.23,56.79,0,4,2,1,2,79.58,6,9,8,1
6.85,83.51,77.7,0,3,0,1,1,48.23,3,6,3,0
7.22,78.44,55.88,0,1,0,1,9,78.54,8,4,1,1
8.88,94.95,74.31,0,0,0,2,3,57.99,5,5,9,1
7.53,71.77,61.32,1,1,1,2,1,79.96,4,1,10,0
6.98,79.95,94.87,0,3,2,3,2,59.93,9,7,1,1
8.03,70.58,84.11,1,2,1,1,8,57.0,5,8,3,1
4.99,64.8,76.06,2,0,1,2,5,58.55,4,5,6,0
7.44,71.88,87.64,0,2,0,1,7,50.42,8,2,6,1
7.97,77.63,66.54,1,3,1,2,6,42.79,8,8,10,1
5.72,73.71,80.43,2,1,0,2,1,27.52,8,10,4,0
8.34,71.08,77.0,0,3,2,2,6,49.18,4,7,2,1
7.54,63.94,77.64,0,1,2,0,7,100.0,1,10,10,1
6.78,77.17,87.72,1,4,0,1,4,72.17,2,9,6,1
7.83,62.95,82.32,0,4,0,0,8,92.96,4,4,10,1
9.47,85.6,77.89,0,0,2,1,8,60.23,10,9,5,1
7.38,78.82,58.45,0,0,0,3,7,57.98,2,4,6,1
7.45,63.42,65.4,1,3,2,2,2,90.75,10,3,7,1
6.74,74.91,73.77,2,1,2,1,6,70.64,3,3,9,0
6.35,70.48,75.93,0,1,1,2,6,50.67,9,10,7,1
8.03,81.19,63.7,1,3,1,2,7,74.49,9,2,4,1
6.34,91.4,99.12,0,2,1,2,6,83.76,9,10,10,1
7.27,59.25,90.16,0,0,0,0,2,43.58,7,3,5,0
6.72,79.15,81.02,1,4,1,1,8,71.97,4,8,6,1
7.68,76.4,75.72,0,1,0,1,4,44.57,1,8,9,0
7.53,84.71,72.88,2,3,2,1,9,82.95,3,2,5,1
8.24,80.13,65.48,0,2,1,1,8,68.46,8,2,5,1
6.69,70.48,75.77,0,2,1,0,3,74.44,4,2,7,0
6.93,74.81,77.58,1,1,2,0,3,61.74,10,10,2,1
6.22,70.04,62.58,1,1,0,1,8,38.28,10,7,3,0
6.76,88.76,78.34,0,2,0,1,2,58.38,2,6,2,1
7.58,78.21,73.45,3,1,1,0,9,78.95,8,1,10,1
7.96,97.01,55.92,1,1,0,3,4,94.9,7,2,10,1
6.28,77.39,66.4,0,0,1,2,6,69.23,10,1,2,0
8.07,70.92,70.86,1,1,1,2,3,54.7,9,7,3,1
8.56,62.86,93.88,0,3,2,1,3,73.04,2,6,6,1
7.61,59.97,80.57,0,3,1,0,3,77.6,5,2,5,1
9.08,62.16,61.65,0,2,0,2,10,66.99,6,2,5,1
6.43,80.67,79.86,1,0,0,0,2,66.07,2,2,2,0
5.96,83.09,59.53,1,2,0,1,8,68.2,2,8,2,0
5.42,62.19,85.83,1,4,1,1,9,65.65,10,7,1,1
8.7,86.95,70.29,0,3,2,2,8,69.47,4,1,3,1
7.85,73.17,74.06,0,0,1,1,10,92.41,8,4,7,1
7.14,79.47,88.26,0,1,0,0,3,34.5,5,4,5,0
7.48,94.12,62.13,2,3,1,2,7,61.42,9,7,7,1
6.07,86.97,61.03,0,2,2,0,10,51.01,4,2,9,0
9.65,75.31,69.16,1,1,1,2,2,82.71,3,4,6,0
7.33,69.09,85.38,3,3,1,2,4,62.89,10,1,2,0
7.31,56.48,59.81,1,2,0,0,6,73.4,8,4,1,0
7.93,70.81,46.68,0,1,1,2,5,86.41,1,1,1,0
7.68,75.89,70.49,0,2,0,1,9,48.78,9,2,10,1
7.42,68.13,80.52,1,1,2,1,10,57.09,4,2,9,1
6.41,76.69,87.0,3,2,0,0,4,84.86,9,10,6,0
7.67,78.77,70.37,0,0,1,4,5,48.18,8,3,6,1
9.08,75.75,70.89,1,3,1,2,4,57.59,3,8,4,1
8.55,71.5,86.54,0,3,0,3,8,40.99,3,6,2,1
8.79,79.69,56.3,1,1,1,2,8,85.45,9,6,10,1
6.69,82.42,71.11,3,2,0,3,3,56.28,3,9,3,0
6.21,67.1,76.9,0,2,0,2,1,70.27,4,8,3,0
7.07,92.11,79.49,3,0,1,0,6,75.14,9,2,8,1
7.26,77.01,69.9,1,4,1,2,2,52.95,4,6,6,1
8.29,78.19,75.34,1,1,2,1,2,36.44,3,1,7,0
5.51,85.08,50.12,3,4,0,1,3,61.71,7,9,9,0
8.73,80.33,68.42,0,3,2,3,8,61.46,6,4,1,1
7.04,87.53,79.54,0,4,2,0,3,64.09,1,4,2,0
6.77,80.87,65.18,1,1,2,3,7,64.18,10,9,9,1
6.19,71.88,75.59,0,1,1,2,10,57.52,8,3,5,1
5.55,81.62,79.47,0,2,2,1,10,56.94,1,5,4,0
8.02,66.56,71.57,0,0,0,2,9,69.47,4,1,1,0
7.27,79.09,76.7,0,1,1,2,8,52.64,6,6,9,1
5.91,77.67,65.37,2,4,1,2,1,63.57,6,3,9,0
5.9,75.92,72.93,1,1,2,0,7,56.56,7,1,4,0
6.86,76.71,81.1,0,1,1,1,7,69.43,5,10,9,1
8.87,59.18,76.57,0,5,0,0,8,81.63,5,6,10,1
6.94,72.51,69.13,1,3,0,1,10,82.24,4,10,1,1
5.7,78.93,77.24,0,4,1,3,5,84.34,6,2,5,1
6.95,79.6,82.15,0,4,0,1,10,59.99,7,8,1,1
6.93,67.72,54.5,0,2,1,3,9,61.25,10,2,4,1
4.5,90.66,86.59,0,2,1,0,9,45.97,10,4,5,1
7.15,69.34,71.64,0,2,1,1,8,59.86,1,3,3,1
6.97,87.69,79.25,0,2,0,1,6,60.4,9,9,2,1
7.9,82.27,86.97,1,3,0,4,6,55.74,8,2,6,1
9.05,71.54,61.28,0,1,2,4,1,55.67,7,3,3,1
8.33,95.75,67.91,1,4,1,1,6,39.53,9,7,10,1
6.93,66.06,72.11,0,2,1,1,4,44.87,3,4,1,0
6.09,87.19,67.16,3,3,0,3,4,65.67,10,6,5,1
9.77,88.01,92.35,0,2,0,1,2,66.23,4,3,2,0
7.26,71.29,66.43,0,2,0,1,4,72.25,7,1,2,0
7.21,91.92,69.44,0,1,1,2,5,61.12,6,6,4,1
7.18,75.5,77.04,3,1,2,1,5,65.17,2,4,4,0
7.4,80.89,62.98,0,1,0,2,5,83.76,2,2,4,0
7.06,80.6,71.04,0,4,0,0,4,64.21,10,7,7,1
6.63,76.66,78.17,1,1,1,1,1,55.52,7,10,1,0
6.65,86.11,71.67,1,2,1,1,10,47.14,9,5,8,1
7.17,85.93,74.07,1,1,1,0,8,76.96,9,6,10,1
6.66,60.51,69.71,2,2,0,1,3,39.45,7,6,9,0
6.49,91.04,59.86,3,3,0,1,2,52.42,8,9,10,0
7.31,61.38,78.22,2,2,0,0,9,71.28,10,2,6,0
6.95,88.33,92.55,2,2,1,3,7,36.4,3,6,4,0
8.7,89.27,75.18,1,0,1,2,9,55.78,1,9,6,1
4.55,67.09,77.25,1,0,0,2,2,66.94,7,4,10,0
8.29,73.89,81.93,2,0,2,2,9,59.25,8,6,7,1
8.45,66.94,62.31,2,3,1,1,10,50.26,2,7,6,1
5.13,75.85,92.03,0,3,1,2,9,56.1,9,1,1,0
6.86,74.92,77.02,0,2,1,2,9,77.25,4,5,5,1
6.83,85.8,91.32,0,0,0,3,10,92.47,10,4,8,1
5.79,91.1,67.67,0,3,0,1,10,67.09,9,10,8,1
6.42,91.96,93.18,2,1,2,3,4,35.18,3,2,10,0
6.09,72.38,82.75,0,1,0,1,10,73.52,8,2,9,0
8.95,75.91,80.53,1,2,1,2,3,59.05,2,2,4,0
8.14,61.17,77.34,3,3,0,1,6,48.57,3,7,10,0
8.47,69.94,72.51,1,2,2,0,3,53.0,1,4,6,0
7.92,87.65,87.01,2,2,1,2,9,53.63,5,6,7,1
6.07,94.16,76.4,1,3,0,2,3,43.84,4,7,5,0
6.68,65.66,55.33,3,6,1,0,2,64.05,1,9,8,0
7.69,72.08,63.83,0,2,1,3,8,92.42,10,2,3,1
5.98,77.74,73.14,2,0,1,0,6,48.51,9,10,8,1
7.91,80.8,78.1,0,3,1,0,8,91.96,6,9,5,1
6.96,69.9,74.43,0,0,0,2,7,68.12,6,5,1,0
6.83,82.24,87.19,0,1,2,4,3,63.61,2,6,6,1
7.91,73.26,55.49,2,0,1,1,8,60.17,7,6,2,0
7.64,77.86,76.44,3,5,0,3,10,52.91,9,3,7,1
6.84,83.46,56.82,0,0,1,3,1,69.38,6,10,9,1
8.36,78.06,82.6,0,7,1,2,1,72.83,8,7,3,1
6.12,73.64,74.06,0,2,0,1,10,28.62,5,7,10,1
7.82,76.9,79.2,1,4,0,3,8,100.0,2,8,4,1
7.79,77.12,66.36,1,4,0,4,9,37.84,4,5,4,1
6.89,74.3,87.79,3,1,1,2,10,57.17,1,2,4,0
7.53,75.41,85.42,0,2,1,2,6,26.63,1,3,3,0
5.95,93.99,80.84,1,1,2,3,5,60.98,6,9,5,1
8.12,83.61,73.7,1,2,0,0,2,58.08,2,6,9,0
7.02,75.05,80.8,1,0,0,1,9,57.32,6,8,8,1
6.68,84.97,67.93,0,3,2,1,6,69.57,1,8,10,1
8.25,74.66,83.56,0,2,2,1,8,61.34,10,5,2,1
6.5,89.73,91.49,0,2,2,2,9,73.08,3,1,9,1
5.79,81.7,85.71,2,3,0,4,9,46.44,9,6,10,1
5.64,76.93,67.7,1,0,1,2,8,66.16,2,7,2,0
7.81,82.48,78.61,2,2,0,2,10,55.52,8,9,7,1
5.92,62.29,62.07,0,0,1,0,8,59.44,6,2,5,1
8.95,66.73,80.72,1,0,0,4,3,69.06,6,2,7,1
5.12,66.06,79.51,0,4,1,2,3,57.44,7,10,5,1
8.9,79.43,56.3,1,1,1,1,2,63.42,5,1,6,0
7.41,95.33,63.38,0,2,0,0,1,47.69,4,5,8,0
7.1,100.0,72.17,1,0,1,2,4,81.43,6,2,1,0
6.66,84.38,71.99,2,0,1,4,2,75.93,8,3,1,0
7.6,83.01,62.91,2,4,1,0,2,66.5,4,2,5,0
7.16,59.99,78.89,0,0,1,0,5,61.36,5,4,1,0
8.3,72.57,77.51,1,2,0,2,4,63.43,7,3,3,0
7.31,70.12,73.06,0,1,0,0,1,81.11,6,9,10,0
7.35,71.79,67.44,1,2,0,1,9,74.86,4,10,9,1
6.84,76.32,85.49,1,2,0,2,4,81.36,4,2,7,0
7.14,73.28,91.55,1,2,2,1,5,59.87,10,7,6,1
7.51,58.21,70.16,0,2,1,1,7,72.25,4,3,8,1
5.49,85.48,68.88,0,2,2,0,2,82.83,1,10,8,0
5.85,67.27,79.91,0,1,1,0,8,51.11,5,8,6,0
7.94,80.39,71.42,3,1,0,0,2,50.16,8,4,4,0
7.37,98.74,73.61,3,1,0,0,10,69.13,7,4,4,0
7.02,68.81,82.4,1,5,1,2,5,46.48,5,9,4,1
7.22,52.7,55.91,3,3,0,5,2,37.76,3,3,6,0
7.55,75.14,88.18,0,2,0,2,2,82.62,1,7,1,0
6.66,89.01,75.73,2,1,0,1,4,85.23,7,1,2,0
6.42,97.58,70.89,1,3,2,4,4,47.3,3,7,6,1
7.4,65.7,74.11,0,0,2,0,8,43.52,4,10,1,1
6.22,82.97,74.62,1,2,2,1,6,55.2,5,2,9,1
7.61,73.35,57.69,1,1,1,0,10,83.79,8,6,6,1
5.5,76.94,89.95,0,3,0,2,8,58.84,7,9,7,1
8.23,100.0,75.41,2,1,2,0,7,66.42,9,6,1,0
7.67,62.97,79.43,0,0,2,0,10,69.87,3,3,8,1
7.46,80.54,84.52,3,2,0,4,4,67.61,10,1,5,0
8.18,82.68,64.79,1,3,0,3,2,87.41,1,4,5,1
8.87,88.86,79.73,0,1,2,2,9,54.2,1,4,6,1
8.21,78.98,72.32,1,2,0,3,2,63.47,10,8,7,1
5.36,81.08,83.47,2,1,2,1,1,68.49,1,10,7,0
5.92,74.08,53.73,0,3,1,1,8,64.27,2,10,5,1
6.58,80.69,74.01,0,2,1,0,10,46.71,2,7,1,0
7.23,74.57,68.97,1,1,2,0,9,42.91,7,10,9,1
7.72,84.22,79.32,1,4,1,1,1,42.6,9,7,6,1
6.47,74.3,79.7,2,0,0,1,7,75.89,8,7,9,1
7.39,81.77,67.92,2,7,1,0,2,52.69,4,2,4,0
6.44,77.71,67.88,1,2,0,1,6,72.04,2,9,2,0
6.59,89.26,73.89,1,4,2,2,5,66.3,3,6,3,1
5.79,77.49,66.03,2,3,0,0,1,50.38,10,2,4,0
6.28,60.27,83.42,0,3,1,2,2,50.75,5,1,10,1
5.85,90.62,71.31,1,6,1,1,2,67.01,9,1,8,1
6.22,68.94,45.93,1,1,0,2,10,66.17,8,1,3,0
8.25,71.46,71.25,0,0,0,1,10,72.38,3,4,8,1
6.25,72.04,64.61,2,3,1,2,6,58.14,9,4,6,0
9.83,91.74,58.69,2,1,0,0,1,52.3,10,9,4,0
7.69,56.64,62.63,1,0,2,1,4,66.65,3,1,7,0
7.38,100.0,76.09,0,0,2,1,10,86.3,10,3,5,1
6.34,88.56,88.29,3,1,1,4,5,36.85,8,3,5,0
7.9,80.23,78.13,0,3,1,1,2,53.01,1,8,9,1
6.62,77.45,68.93,2,5,0,2,2,73.86,4,2,3,0
7.32,80.86,79.56,1,1,1,1,7,68.25,4,6,10,0
9.76,83.21,70.41,0,4,2,1,7,74.08,6,4,4,1
7.1,84.45,68.05,1,3,1,1,6,58.56,2,10,5,1
8.35,83.56,63.46,0,2,0,3,1,40.82,7,6,1,0
6.5,78.9,57.48,1,2,0,1,3,90.07,5,5,7,0
7.17,76.03,71.1,3,1,0,1,9,81.26,10,9,8,1
8.97,76.49,76.58,0,3,2,0,10,64.64,6,9,6,1
6.57,76.05,74.03,1,3,1,1,1,52.38,6,1,9,0
9.01,89.34,70.84,0,6,0,1,2,57.64,6,3,3,1
7.91,83.94,65.54,3,2,1,2,8,68.44,10,1,2,0
6.64,48.6,81.08,0,2,1,2,7,61.23,8,6,5,1
7.83,84.56,61.83,0,2,1,1,9,64.78,10,3,9,1
8.17,79.95,82.76,1,2,2,3,10,89.15,4,1,1,1
7.82,77.81,64.98,3,3,1,0,4,78.86,10,6,1,1
5.63,74.11,67.48,1,3,0,0,4,47.44,8,5,10,0
6.47,89.24,60.33,1,2,0,1,7,66.15,9,8,3,1
6.95,87.48,69.99,0,3,2,3,1,57.19,4,2,10,1
7.13,70.27,84.75,3,2,1,1,10,69.47,1,8,3,0
7.82,82.07,80.16,0,1,0,4,9,64.05,3,5,5,1
7.38,68.28,84.78,1,1,0,0,2,100.0,1,8,4,0
5.86,64.2,80.22,2,2,0,1,1,71.44,7,10,6,0
7.58,71.73,63.96,0,1,0,2,7,62.99,1,4,8,1
7.81,86.62,71.69,0,3,0,0,6,92.65,4,4,8,1
7.76,87.53,67.2,1,3,2,0,3,68.08,1,10,4,0
8.28,83.13,88.31,1,1,1,0,1,42.22,2,4,1,0
8.03,85.25,63.03,0,4,0,0,5,63.13,1,6,7,0
7.66,83.16,83.94,0,4,1,0,10,74.21,5,4,6,1
7.13,71.59,83.93,2,2,1,1,4,72.27,7,9,5,1
5.54,82.32,93.3,0,2,0,2,5,80.08,3,9,4,0
7.63,86.0,70.9,1,5,1,3,1,67.31,8,3,6,1
7.41,85.54,82.12,0,2,0,3,1,66.25,5,7,8,1
7.47,89.89,97.82,3,5,0,3,5,43.96,5,5,6,1
5.92,85.08,68.82,2,3,1,2,6,87.93,5,9,3,1
6.12,81.51,59.65,3,3,2,1,5,60.42,8,2,9,0
8.25,88.7,56.2,2,1,1,2,2,50.31,2,3,3,0
7.16,77.73,82.13,0,3,2,1,9,100.0,2,10,4,1
7.88,69.18,56.17,1,0,2,1,5,90.2,8,5,5,0
7.23,76.37,71.28,2,3,2,1,5,58.28,9,5,2,1
7.23,70.55,79.37,1,1,2,2,10,36.79,10,10,10,1
8.14,71.25,76.85,3,0,0,1,9,54.22,10,7,10,1
6.68,76.55,79.25,2,1,1,0,3,88.69,2,8,2,0
7.3,70.08,77.22,0,5,1,0,5,67.65,4,8,6,1
6.74,74.92,87.79,0,0,2,2,5,44.76,8,1,2,1
6.77,59.06,65.48,0,3,1,0,2,76.76,2,1,10,1
6.89,80.13,68.23,0,1,0,1,4,61.85,4,3,1,0
7.42,78.01,67.27,0,2,0,1,2,55.27,10,1,8,1
6.72,69.83,83.3,0,3,0,2,5,56.41,1,1,10,0
8.46,84.59,84.0,0,4,2,3,10,84.6,2,10,10,1
6.31,87.38,79.51,2,0,0,1,2,73.2,7,8,1,0
7.01,61.92,86.83,3,1,1,1,10,42.71,1,1,10,0
6.76,70.37,63.22,0,4,1,0,9,70.51,1,9,6,1
8.65,70.31,91.67,0,1,0,4,10,66.61,2,2,1,1
7.4,68.6,90.23,1,4,0,0,6,58.69,4,9,8,1
8.23,86.29,82.36,3,5,2,2,8,59.48,7,7,5,1
5.71,76.06,92.82,1,1,1,0,9,52.02,4,9,3,0
7.47,75.35,58.43,0,2,0,0,8,55.06,5,3,5,1
8.09,57.96,69.76,1,3,1,4,5,69.35,4,1,1,0
7.28,84.35,67.65,0,1,2,4,5,60.84,4,1,1,0
8.27,65.61,82.21,0,3,1,4,6,73.19,9,10,4,1
6.68,78.6,64.5,1,2,1,1,1,53.23,6,6,9,0
8.61,80.77,82.57,2,3,2,3,8,75.61,3,7,9,1
9.5,91.61,88.71,0,1,2,3,2,84.72,6,9,1,1
6.84,64.91,81.95,1,0,1,0,6,64.9,7,6,3,1
6.75,47.8,77.84,0,3,1,0,9,72.81,7,5,4,1
8.65,79.84,65.12,1,0,2,3,3,73.39,8,2,2,1
8.78,96.01,66.53,0,1,0,1,2,57.47,4,2,7,1
6.68,90.39,87.5,0,0,0,4,10,73.45,1,8,3,0
6.78,80.1,82.79,1,2,1,2,5,30.97,6,1,1,0
6.92,73.08,74.61,0,1,2,0,9,25.0,8,8,1,1
5.86,86.07,70.82,0,1,2,0,6,60.06,5,10,3,1
6.28,68.26,54.74,0,1,1,1,8,74.5,3,7,6,1
6.2,82.76,64.29,2,0,0,1,8,63.72,4,7,4,0
6.43,83.05,94.11,1,1,1,1,7,76.19,8,5,1,0
7.17,88.6,62.2,0,0,0,1,5,46.97,6,3,7,0
7.43,100.0,76.89,0,2,2,0,2,78.24,5,7,2,1
8.75,81.92,85.07,3,3,0,1,10,89.43,9,7,5,1
6.2,72.91,62.45,0,2,0,1,10,54.55,10,7,8,1
8.18,77.74,76.85,3,3,1,2,5,76.56,3,2,7,0
6.99,60.31,84.38,1,2,2,0,7,65.34,7,3,8,1
7.15,71.05,75.12,0,1,1,3,7,71.63,9,3,10,1
7.87,73.91,100.0,0,3,1,3,2,89.4,4,4,6,0
6.08,72.76,58.31,0,0,2,0,7,69.91,10,9,7,1
7.58,79.52,85.59,0,0,0,2,6,76.47,10,10,9,1
7.37,69.78,73.27,1,1,0,5,7,46.05,3,1,6,0
7.69,89.21,82.72,1,4,0,2,8,76.0,1,7,9,1
7.49,78.0,79.41,1,4,2,0,4,89.15,9,7,2,1
9.66,77.91,67.67,0,0,1,3,1,51.15,1,4,2,0
6.56,74.72,77.29,1,7,1,0,8,60.15,2,1,2,1
6.67,79.55,56.42,1,3,0,1,8,75.29,9,3,6,0
6.58,86.25,81.03,1,3,2,2,3,71.72,5,5,2,0
6.64,69.33,77.98,1,4,0,0,3,44.6,4,2,3,0
6.56,71.42,81.39,0,2,0,1,5,67.47,9,7,8,1
8.39,74.96,85.58,1,3,1,2,3,60.01,9,10,8,1
8.62,64.54,78.68,1,1,0,1,5,50.47,2,10,4,0
6.63,69.81,76.48,2,3,2,0,8,85.35,3,7,9,1
6.37,73.24,66.19,2,1,1,1,1,65.08,3,10,8,0
7.67,86.74,67.88,0,1,1,3,2,79.75,5,5,1,1
6.65,80.63,86.87,1,2,2,3,2,47.4,3,10,8,1
7.83,79.94,89.36,2,2,0,0,4,73.83,10,6,1,0
7.4,86.51,72.62,1,2,1,5,9,80.93,6,1,4,1
5.68,76.63,75.46,1,2,2,4,2,61.37,2,4,10,0
8.75,81.9,65.95,0,3,1,2,9,57.54,6,4,6,1
9.0,76.97,86.73,2,3,1,0,7,45.44,6,8,7,1
6.59,80.65,81.65,3,4,1,1,10,51.98,2,2,10,0
6.81,72.17,94.41,1,3,0,0,8,58.21,6,1,4,0
7.49,53.61,66.22,3,2,2,1,1,50.36,6,7,8,0
7.53,76.66,71.22,3,1,0,1,5,53.48,6,6,8,0
7.86,92.23,77.31,0,2,0,3,9,67.37,5,5,9,1
9.21,87.26,81.46,0,4,0,1,4,69.17,7,8,6,1
7.02,87.65,72.84,0,1,0,0,2,81.36,5,2,4,0
6.4,90.36,66.27,2,2,1,1,6,53.57,1,2,2,0
5.82,78.89,83.81,2,1,2,2,2,65.35,9,9,7,0
6.47,79.97,82.21,2,1,2,0,3,58.73,3,1,10,0
7.17,71.82,65.84,1,2,1,2,8,57.67,2,6,3,1
8.99,74.84,88.55,1,1,1,0,3,60.26,10,3,3,1
6.68,84.16,86.7,2,4,0,1,2,62.06,6,5,3,0
7.42,90.04,76.34,1,1,1,1,6,68.76,8,8,4,1
7.18,76.61,75.8,0,2,1,3,3,60.04,2,7,2,1
8.39,73.5,80.54,3,1,0,1,1,83.41,4,4,5,0
9.73,78.01,66.38,2,4,0,1,3,39.43,2,8,3,1
6.67,84.01,75.3,0,3,1,2,6,80.81,9,10,10,1
6.71,63.56,53.48,2,1,2,4,3,59.47,10,2,5,1
8.24,55.04,83.76,0,2,1,2,9,62.17,2,7,7,1
7.88,72.49,59.39,0,0,1,1,7,64.86,10,5,9,1
9.05,65.79,90.03,0,3,1,1,5,75.58,2,6,2,1
7.78,72.92,71.7,2,3,1,0,2,51.8,5,3,9,1
6.84,76.52,72.88,0,2,0,2,9,55.15,5,10,10,1
7.79,73.47,68.72,0,4,1,2,5,72.51,7,7,6,1
8.31,92.52,72.12,1,2,2,2,7,39.53,1,7,6,0
8.02,81.27,89.19,2,3,0,1,9,64.49,2,2,3,0
7.71,81.0,50.12,1,1,0,2,4,53.03,6,1,10,0
8.27,84.22,87.77,0,1,1,2,9,49.88,2,10,9,1
8.37,66.61,78.38,2,4,1,2,1,40.42,4,2,4,0
8.58,88.39,62.93,3,3,0,1,6,76.58,10,8,5,1
7.85,77.24,64.25,0,1,1,3,2,67.38,6,10,3,1
7.03,84.7,91.76,0,2,1,3,8,54.92,7,3,5,1
7.35,67.28,65.54,0,1,0,1,5,62.53,10,4,8,1
8.41,62.46,63.47,1,1,0,3,3,48.61,5,8,8,1
6.38,86.18,86.37,0,1,0,2,2,56.96,8,3,8,1
7.57,81.76,78.39,1,0,2,4,8,62.02,6,6,6,1
6.81,68.98,65.62,1,3,2,2,7,65.96,5,2,1,1
7.23,69.3,77.17,0,1,0,3,9,70.88,4,3,10,1
8.48,89.25,64.74,0,3,0,1,8,37.91,6,1,6,1
7.39,66.11,86.01,0,2,1,3,4,70.93,6,9,10,1
7.25,94.43,85.61,2,1,0,1,2,39.12,6,4,7,0
5.84,68.99,80.32,0,5,2,3,2,71.47,1,6,9,1
7.95,84.38,78.62,1,0,0,0,2,61.8,6,7,8,0
7.85,74.71,92.61,0,6,2,0,6,81.37,1,2,8,1
9.36,84.03,75.0,0,2,0,1,7,54.88,5,8,7,1
6.89,72.56,63.18,0,2,1,2,6,76.71,7,9,2,1
7.42,76.37,79.49,0,0,0,1,2,47.49,1,10,1,0
7.45,78.41,95.86,0,3,1,0,4,66.59,1,2,2,0
8.78,67.98,64.85,3,0,2,2,3,34.43,6,5,6,0
7.1,85.41,71.39,0,1,1,0,4,78.25,7,2,2,0
7.48,72.87,79.16,0,0,1,3,5,90.9,6,5,10,1
7.81,75.71,74.46,1,2,0,2,7,54.53,5,7,4,0
7.39,68.06,65.18,2,0,0,2,9,66.84,6,6,10,0
6.75,52.38,86.22,3,2,0,1,2,71.66,3,4,3,0
7.39,76.09,98.2,1,2,0,0,8,41.75,9,2,6,0
8.27,100.0,76.96,3,2,1,0,3,53.76,5,7,8,0
6.17,85.85,65.96,3,2,0,1,9,52.83,2,10,6,0
7.33,77.81,59.51,0,5,1,2,10,100.0,10,9,2,1
6.5,75.37,77.58,1,1,0,4,4,80.69,10,1,5,1
8.4,78.22,86.04,0,3,0,3,3,61.74,7,3,6,1
5.68,83.47,79.75,0,1,1,3,10,76.69,3,7,9,1
6.64,66.19,74.98,3,1,0,2,6,68.17,1,9,6,0
7.58,89.14,69.11,0,1,0,1,10,73.9,3,5,10,1
8.77,85.15,64.08,1,1,1,0,9,49.2,9,7,5,1
7.13,85.18,83.35,0,3,0,2,7,85.6,5,10,1,1
6.64,82.38,84.14,1,1,0,0,4,53.48,7,7,10,1
9.08,78.2,59.54,0,3,0,4,3,54.26,3,4,5,1
5.75,84.73,90.9,0,1,0,2,10,73.85,4,5,5,1
5.0,83.92,80.74,0,3,1,0,4,70.19,1,2,6,0
7.64,74.46,89.0,1,0,0,0,3,65.35,3,8,7,0
6.7,72.26,61.58,2,2,2,1,3,77.59,7,1,4,0
6.18,79.02,61.34,0,5,1,1,9,47.58,4,2,7,1
7.91,93.49,73.51,2,2,0,2,4,92.67,2,3,5,0
7.44,65.61,80.03,2,0,1,0,9,57.49,5,7,6,1
6.64,63.32,92.96,1,3,2,0,10,63.67,5,6,4,1
5.92,79.65,82.06,2,3,2,1,5,92.9,2,7,8,1
8.07,78.51,72.57,1,2,0,2,7,54.36,6,5,9,1
7.85,79.73,64.74,1,4,0,1,5,80.35,10,4,2,1
7.1,80.44,87.3,0,1,1,3,1,61.79,4,7,4,0
9.05,75.77,65.35,3,2,1,1,2,52.37,1,3,8,0
6.13,92.9,91.28,1,3,1,1,5,59.24,3,10,8,1
5.67,61.99,72.16,0,0,2,3,6,73.49,9,7,9,1
6.51,69.72,90.91,0,2,0,2,7,80.21,10,2,3,1
7.15,76.97,81.79,0,1,0,2,2,68.38,7,8,1,0
7.44,61.57,73.63,0,1,0,1,10,41.03,6,6,9,1
6.96,76.24,69.81,0,1,0,3,9,74.53,1,3,1,0
7.55,94.61,71.59,1,5,2,2,6,62.87,9,3,3,1
5.95,78.21,79.28,0,4,0,2,2,48.46,9,5,3,0
8.64,80.31,75.77,3,2,2,2,2,70.2,1,3,9,0
7.12,65.4,69.06,1,1,0,1,3,82.01,6,6,1,0
8.32,71.84,73.34,0,1,1,2,1,65.1,7,2,7,1
7.54,74.25,75.79,1,0,2,1,9,78.85,2,8,2,1
7.66,74.82,53.71,0,2,1,0,10,71.94,10,9,7,1
7.77,90.82,79.58,0,1,0,2,4,72.13,8,7,1,0
7.65,83.58,65.2,0,3,1,1,5,60.42,8,3,10,1
7.84,66.89,63.47,1,4,2,4,7,77.28,6,10,10,1
8.53,80.47,58.13,2,2,0,2,1,78.71,9,4,8,1
7.4,82.98,57.06,0,1,2,1,3,76.89,3,10,10,1
7.91,89.4,61.45,0,2,0,0,3,60.29,2,2,10,0
7.11,93.81,67.91,3,3,2,0,2,79.78,2,9,2,0
8.64,67.85,94.53,0,3,0,2,8,70.79,6,5,3,1
6.52,69.89,69.74,2,1,1,1,5,50.42,7,2,8,0
9.0,65.42,76.78,0,2,1,1,1,59.28,6,10,3,1
7.16,75.66,79.0,1,3,1,2,2,57.04,3,6,1,0
5.77,82.66,76.31,0,1,0,0,1,35.18,5,7,9,0
7.33,87.87,74.23,1,2,0,4,6,80.05,8,2,8,0
6.52,77.24,63.05,0,3,0,1,9,100.0,6,1,4,1
8.04,74.8,89.51,0,0,2,0,7,83.13,2,7,8,1
6.55,79.52,93.07,0,2,2,2,5,67.44,7,1,5,0
6.75,69.65,58.17,1,2,1,0,3,57.26,8,3,3,0
5.31,98.9,64.76,0,2,1,0,8,51.12,4,4,1,0
6.75,61.92,72.2,2,1,1,0,10,67.26,1,2,10,0
4.78,79.85,65.35,2,3,0,0,4,79.52,2,7,5,0
5.62,98.24,80.06,1,3,0,4,9,54.88,4,5,6,1
7.96,78.07,67.72,0,2,0,2,5,100.0,7,1,4,0
7.99,76.1,96.65,1,0,2,4,6,44.24,2,8,7,0
7.63,74.43,86.91,0,1,0,1,5,68.37,6,10,3,1
6.23,76.2,77.13,0,3,0,2,10,66.05,2,7,7,1
7.15,91.73,85.27,0,4,1,1,7,65.1,7,4,1,1
7.2,55.88,86.06,0,0,2,0,7,56.47,2,2,7,0
6.04,93.33,69.36,0,0,1,1,1,66.24,3,7,1,0
8.7,63.76,66.84,3,2,0,2,2,58.25,9,2,1,0
8.08,75.33,75.78,1,1,2,2,7,84.32,4,6,2,1
6.98,73.71,83.62,0,2,2,2,8,89.31,5,1,2,0
7.23,83.89,76.39,0,1,1,1,4,59.17,9,7,4,1
7.41,62.02,59.23,1,0,1,1,6,40.33,7,7,1,0
5.16,82.62,66.97,1,0,1,2,10,69.76,8,4,4,0
6.95,98.24,74.26,0,1,0,0,3,69.22,3,4,2,0
6.52,64.37,74.24,1,1,1,0,7,66.58,4,10,4,0
6.2,79.9,94.73,1,4,1,1,3,72.99,7,5,4,1
6.92,71.38,61.14,2,0,2,2,7,85.72,4,2,9,0
9.0,82.26,80.06,1,1,1,3,8,77.49,2,9,9,1
7.84,78.19,89.89,0,3,2,2,3,72.97,10,10,1,1
6.63,71.59,97.71,3,7,0,1,2,76.31,6,4,5,0
7.77,82.88,70.96,1,0,0,2,6,68.77,9,9,7,1
8.6,96.04,79.91,3,5,1,1,4,50.82,2,3,4,0
8.12,76.09,80.7,0,1,2,3,8,86.76,1,9,5,1
7.26,85.2,76.95,0,1,0,1,2,66.54,8,1,2,0
6.55,65.07,74.01,1,3,1,0,4,50.81,1,7,3,0
7.9,68.44,79.36,3,2,2,1,2,48.08,1,4,7,0
7.59,82.72,49.68,2,0,1,0,2,51.23,3,7,10,0
8.1,92.84,81.82,1,1,2,3,2,46.51,5,10,7,1
7.84,81.56,76.26,0,1,0,1,1,75.03,9,6,4,0
8.25,74.87,72.78,3,0,1,2,4,62.37,10,4,1,0
6.66,77.99,95.47,1,0,0,1,2,76.64,2,4,1,0
8.52,65.5,68.25,1,3,1,4,9,82.54,1,8,4,1
7.4,84.05,70.97,1,3,0,0,9,78.66,1,7,4,0
9.28,86.82,94.92,0,4,0,0,7,74.51,8,4,6,1
6.51,73.48,66.68,0,2,0,2,6,69.31,10,6,7,1
8.94,73.3,69.5,1,1,1,1,3,62.14,10,6,9,1
7.4,80.66,73.53,1,1,0,2,7,63.15,10,1,9,1
6.55,73.63,83.41,0,3,2,1,1,73.77,2,2,10,0
6.72,77.34,77.08,1,2,1,1,9,50.58,9,4,5,1
6.88,99.0,62.07,2,2,0,0,4,64.19,9,6,10,0
7.62,75.53,69.68,0,2,2,2,6,53.86,2,6,3,1
7.72,74.42,68.93,3,2,2,1,6,82.59,3,1,3,0
6.63,71.52,74.23,0,0,2,0,3,75.76,2,8,6,0
7.18,85.44,79.26,3,1,2,2,4,97.06,6,2,1,0
9.34,76.19,79.18,3,1,0,2,10,53.63,7,5,7,1
8.93,71.51,57.24,1,0,1,1,3,55.24,6,4,3,0
7.64,91.21,85.64,0,3,0,1,6,65.86,3,5,5,1
7.24,92.2,77.53,3,4,2,2,1,54.12,3,5,7,0
7.32,72.0,88.85,3,1,0,1,8,73.06,2,10,7,0
7.81,59.33,79.44,1,5,0,1,8,64.24,2,8,9,0
6.18,88.08,86.01,1,0,2,2,9,57.67,5,10,1,0
6.94,71.15,79.67,2,2,1,0,6,81.31,8,7,3,0
5.53,85.91,88.46,0,0,0,3,1,37.26,6,9,9,0
7.6,58.3,80.22,1,7,1,2,3,73.13,9,1,8,1
7.85,86.93,74.02,0,4,0,1,1,56.73,5,6,2,0
6.72,65.89,97.72,1,1,2,3,5,77.25,10,6,8,1
8.77,85.31,83.89,0,0,0,5,3,80.84,4,2,8,1
5.97,78.14,80.74,1,1,0,1,2,30.85,9,8,2,0
5.74,68.46,62.24,1,2,1,1,3,61.83,10,6,8,0
7.42,73.93,62.12,3,4,1,2,9,65.87,5,10,3,1
8.25,84.86,77.93,1,1,1,2,8,29.63,1,9,7,1
8.88,79.06,76.46,1,0,0,0,3,68.42,5,10,9,0
6.74,83.84,68.86,1,2,0,0,2,57.08,5,5,4,0
8.28,97.76,76.41,1,1,0,4,5,46.91,5,7,6,1
7.16,62.36,90.89,0,2,2,1,1,55.24,2,6,9,0
7.03,94.17,81.95,0,0,1,0,4,52.65,6,5,5,0
8.08,79.04,63.59,3,0,1,0,8,56.44,5,6,1,0
7.85,69.01,73.88,1,0,0,2,1,67.78,2,4,3,0
5.62,64.7,66.95,3,1,1,2,5,79.72,10,3,9,0
8.68,76.11,71.12,0,2,2,3,4,63.83,8,1,3,1
8.58,87.22,70.86,2,4,1,1,6,81.54,6,1,10,1
6.57,76.72,70.22,1,3,1,2,7,49.31,10,6,2,1
7.6,93.11,62.45,3,4,2,2,9,67.29,3,9,4,1
7.69,63.49,73.72,1,5,1,2,1,96.6,9,8,5,1
7.46,77.88,69.39,3,0,2,0,10,41.14,4,2,7,0
6.65,65.48,45.71,1,3,1,1,4,40.57,3,9,7,0
6.53,81.64,95.53,0,2,0,2,6,84.2,7,8,9,1
7.17,86.87,85.89,0,1,2,0,10,68.31,8,9,8,1
8.37,73.79,71.24,1,1,1,0,7,55.98,7,4,2,0
7.74,51.96,75.19,1,1,0,3,7,48.05,1,9,8,0
6.83,79.99,63.28,0,4,1,2,8,64.46,1,2,8,1
7.97,82.37,91.96,1,5,1,2,10,67.0,5,1,5,1
4.35,82.04,93.97,0,0,1,1,8,67.08,8,9,3,1
8.35,90.36,76.57,1,2,0,1,8,47.91,10,10,9,1
5.46,67.29,85.24,0,2,2,0,8,59.95,3,8,7,1
6.84,84.8,76.75,1,5,0,3,8,56.48,8,7,1,1
6.08,89.93,61.63,1,0,1,1,6,74.7,3,8,8,0
5.91,60.21,70.88,2,0,0,0,9,48.79,4,1,10,0
8.36,81.2,76.32,1,4,1,3,3,66.14,10,9,5,1
6.73,72.96,70.45,2,3,1,1,6,100.0,7,10,6,1
7.55,77.18,72.81,1,2,2,2,5,47.77,3,9,9,1
7.15,81.48,74.09,0,4,1,1,8,53.79,4,9,10,1
7.68,73.13,74.19,1,1,0,0,4,63.59,8,6,8,1
7.28,71.24,75.52,0,1,0,2,4,20.87,4,4,3,0
5.92,78.34,64.39,2,1,0,0,10,43.6,9,2,5,0
8.2,67.13,67.83,0,1,1,1,10,69.66,4,4,4,1
6.71,67.14,62.15,1,1,0,1,5,62.36,4,7,1,0
5.64,84.79,84.78,3,3,0,1,6,80.82,5,1,5,0
6.77,66.51,53.94,0,1,0,1,4,61.43,1,9,10,0
8.7,84.66,86.54,1,2,1,1,2,60.11,7,3,7,0
8.05,82.63,88.86,0,2,1,0,2,54.46,9,4,1,1
6.85,60.74,71.98,2,1,2,5,3,59.86,9,5,4,1
6.85,71.22,48.97,0,6,0,0,2,46.83,1,3,6,0
6.88,89.94,71.39,0,2,2,0,1,62.79,6,4,9,1
9.28,68.19,74.36,2,5,0,3,8,50.43,3,5,8,1
7.58,73.36,64.89,1,3,1,1,5,46.84,4,1,2,0
7.63,82.62,69.85,1,0,1,3,10,55.41,8,9,3,1
8.23,85.83,90.3,0,0,1,2,1,71.77,4,10,10,1
7.44,75.48,81.65,3,0,1,2,9,67.13,8,10,5,0
6.94,72.02,65.75,0,5,1,1,8,75.01,4,4,7,1
7.0,92.22,59.02,1,2,1,2,4,51.15,9,9,3,1
7.13,95.39,71.73,0,1,0,0,8,64.8,6,4,7,0
7.16,87.79,72.87,0,0,0,1,10,90.53,1,1,5,1
7.93,78.85,79.96,0,1,2,0,7,85.96,10,5,10,1
7.25,69.92,69.65,0,0,1,1,7,45.88,2,9,6,0
7.93,69.7,80.11,3,1,1,0,1,49.87,7,3,6,0
7.12,83.23,94.35,2,5,1,1,6,90.46,10,5,4,1
7.28,82.18,83.16,3,1,1,1,4,71.77,7,3,8,0
5.2,92.02,74.52,1,0,2,3,10,62.14,3,3,9,0
8.12,84.5,73.17,1,5,1,0,10,60.46,1,1,2,0
7.55,62.97,71.43,0,1,0,0,10,68.41,8,2,9,1
8.2,88.52,86.81,2,4,0,2,2,68.6,10,2,4,0
4.3,68.02,68.73,0,1,2,1,10,57.0,10,9,6,1
9.29,74.16,75.45,0,1,0,4,7,62.55,7,7,7,1
7.06,80.5,75.51,1,1,0,0,9,56.48,10,8,4,1
8.31,97.96,69.98,2,1,0,1,5,67.53,8,2,8,0
6.16,100.0,61.28,1,3,0,2,8,53.94,1,9,10,1
7.81,84.07,78.23,3,3,2,4,5,45.98,3,3,8,0
6.15,76.17,74.39,0,2,0,3,7,87.13,2,10,1,1
6.58,83.35,80.0,1,2,2,1,7,63.96,1,2,8,0
9.11,86.88,69.66,0,1,2,1,9,90.46,5,1,10,1
7.01,74.79,87.21,3,3,1,2,3,36.02,3,9,3,0
7.42,95.95,66.23,1,1,1,0,1,43.26,10,8,5,0
8.07,80.3,92.12,0,4,1,1,2,72.0,8,4,10,1
7.7,82.98,57.52,1,1,0,0,6,63.97,6,7,8,1
7.35,84.66,79.35,1,3,1,1,10,47.63,10,3,6,1
7.56,82.22,79.75,0,2,1,0,10,82.05,9,3,4,1
9.6,86.39,67.04,0,1,2,4,9,51.95,9,4,4,1
7.14,71.83,79.24,1,2,2,1,3,82.98,6,2,4,0
7.4,72.42,87.8,1,4,0,5,10,63.94,2,10,6,1
8.25,67.0,52.83,0,2,0,1,2,48.95,9,4,7,0
8.31,82.4,80.03,0,2,2,0,1,54.97,2,10,5,1
8.39,85.79,50.07,0,1,2,2,2,85.58,3,3,10,1
7.84,82.58,65.34,2,2,0,1,3,60.53,6,8,8,0
6.06,94.74,91.29,3,2,1,2,7,79.59,2,2,7,0
8.83,77.94,69.18,0,1,0,3,2,86.01,5,9,8,1
6.05,84.69,63.26,3,0,0,2,5,63.79,2,3,4,0
7.5,67.08,73.02,0,0,1,0,2,61.65,4,4,8,0
6.45,74.13,95.68,0,1,1,1,7,58.93,3,10,6,1
7.14,84.96,56.68,2,3,1,2,10,70.28,5,10,3,1
7.53,86.49,64.49,1,1,1,0,8,87.59,6,3,8,1
7.52,75.06,89.97,1,2,1,0,8,46.59,7,3,7,1
7.62,77.28,93.58,0,1,1,4,8,68.29,10,8,10,1
8.81,62.82,73.97,3,2,2,1,10,67.64,8,8,5,1
7.65,74.43,62.61,1,4,1,2,9,37.94,9,6,4,1
6.96,86.9,95.96,0,1,0,2,1,51.69,4,4,1,0
8.16,83.75,90.94,3,1,1,0,1,54.76,4,1,10,0
8.39,83.01,81.79,1,1,2,2,10,76.46,7,4,3,1
5.97,78.5,66.88,0,3,0,3,2,79.08,10,8,2,1
7.8,78.07,74.51,1,4,1,2,6,36.87,10,6,8,1
7.9,71.4,73.4,1,6,1,2,1,74.59,9,2,8,1
6.9,84.99,78.31,1,1,1,0,5,72.65,2,3,5,0
8.58,82.21,89.51,0,1,1,0,5,73.68,6,7,5,1
7.05,82.92,83.79,0,6,0,3,4,67.29,10,4,4,1
7.33,72.74,64.23,0,2,2,1,5,79.26,10,4,1,1
7.03,56.47,88.76,3,2,0,1,1,82.57,8,5,1,0
7.22,88.97,78.13,0,3,2,1,6,40.49,5,8,6,1
6.1,73.21,81.87,0,4,0,2,7,64.27,5,7,4,0
5.76,69.37,89.67,0,0,1,3,8,61.18,8,9,4,1
8.79,84.93,63.88,0,3,2,2,2,56.41,1,5,3,1
6.35,74.08,74.64,0,3,0,1,7,58.18,6,1,9,1
6.21,88.6,69.69,2,3,1,0,6,67.8,10,4,3,1
5.05,84.17,59.32,0,1,0,0,9,45.55,9,6,8,1
6.56,84.84,78.47,2,0,1,1,8,75.06,6,6,2,0
5.88,64.34,100.0,3,0,0,2,4,59.46,7,9,4,0
8.84,90.12,56.6,0,1,1,2,9,78.12,4,10,1,1
8.21,80.61,74.68,0,1,1,2,1,55.7,10,5,5,1
6.51,74.31,81.41,2,1,1,0,6,54.89,1,5,2,0
9.45,79.43,76.23,2,1,1,3,8,50.82,9,6,1,1
8.18,60.24,73.87,3,5,1,2,4,55.78,6,6,1,1
6.88,82.09,62.01,2,3,0,3,2,52.98,3,3,2,0
4.7,67.71,77.33,1,2,0,1,2,71.52,4,6,5,0
9.49,64.47,67.43,0,1,0,2,10,80.71,10,8,9,1
5.81,62.78,53.1,0,1,0,1,1,70.82,6,6,6,0
5.55,89.13,86.95,0,1,0,2,5,63.84,6,5,4,0
8.22,71.71,84.58,1,3,2,1,6,72.3,9,3,3,1
9.64,93.34,75.52,3,6,0,2,4,64.45,4,1,8,1
8.58,72.64,77.29,3,2,1,0,4,65.43,5,5,3,0
7.76,60.93,85.74,0,4,0,0,5,60.4,5,6,1,0
7.79,66.83,77.24,0,0,1,2,5,77.55,3,6,4,1
8.05,90.36,84.04,3,3,0,0,9,26.51,2,6,5,1
7.96,76.44,72.03,2,6,0,0,8,33.01,8,3,5,1
7.48,72.52,88.12,3,2,1,2,9,80.41,10,4,5,1
7.3,79.6,78.21,3,3,1,1,3,62.05,9,3,8,0
7.14,83.02,76.94,3,2,2,6,3,78.76,10,2,8,1
6.45,89.17,62.3,3,1,1,1,1,55.88,9,8,4,0
6.92,92.48,77.87,0,1,1,1,10,90.11,5,7,9,1
5.51,74.4,66.68,0,2,0,0,6,62.95,9,8,1,0
7.1,64.74,68.62,0,5,0,1,4,71.74,4,6,5,1
6.21,73.87,66.85,3,2,1,1,8,58.29,2,7,5,0
6.1,80.6,64.34,0,1,0,4,2,51.54,3,1,5,0
7.38,68.36,96.25,1,2,0,0,2,38.89,1,10,8,0
8.59,68.43,88.31,0,1,2,1,7,76.79,5,5,9,1
8.12,81.44,94.2,0,2,1,0,5,70.93,1,4,3,0
5.63,77.51,62.77,3,1,1,1,1,66.41,1,10,9,0
6.21,78.33,75.71,1,0,0,1,7,47.92,7,3,8,0
8.14,70.42,62.06,3,2,1,0,7,86.23,2,2,3,0
6.22,75.7,68.04,0,2,2,0,10,66.59,8,9,2,1
6.98,68.76,65.82,1,2,1,0,6,75.54,6,8,4,0
7.75,86.9,87.4,2,0,1,2,4,64.96,4,10,2,0
6.23,88.35,71.04,1,2,1,1,8,48.66,9,2,4,1
7.31,59.54,85.68,2,2,0,1,2,79.89,10,6,5,1
5.87,68.7,81.04,1,2,2,2,2,71.76,8,3,2,0
6.6,63.03,98.04,0,0,1,4,2,62.28,10,3,8,0
7.52,71.5,60.21,2,1,0,2,3,71.51,3,5,1,0
5.61,77.17,87.59,0,3,0,0,6,77.26,3,7,3,0
7.64,63.5,86.46,2,1,1,1,1,74.9,4,7,7,0
7.18,68.78,65.27,0,0,2,1,2,39.33,9,10,10,1
7.75,67.96,85.07,0,2,0,4,10,42.65,9,1,1,1
7.42,80.07,78.36,0,2,1,0,2,75.99,5,7,2,0
8.56,78.69,72.73,3,1,0,1,1,54.56,9,7,3,0
